prolificid,Response_Id,,,
55117d8dfdf99b6593ea5236,R_YcCo7oA3G2rDgJz,,,
5739ae9d12d1d8000735d6bb,R_Zl4sNPiVYp7Ur8l,,,
5928947add1a250001b4e859,R_1kLlNDsCNRFJpbD,,,
594e2ffc27f8fb000162078b,R_2PmU5OdY4QBZzxE,,,
59bbd2d4178f1b0001828bbb,R_2zl1ih4urNVmphB,,,
59d4b503e59146000112e521,R_0qClNsUVys1s1IB,,,
59e773565de9b000017ed296,R_29S3FBWrbCaglDr,,,
59f6fb1cda08940001d4e8e5,R_3j1zOud7Eh3D1Gi,,,
5a3996f6ae52e600010a0192,R_2zwLwLLJMcB48dA,,,
5a67979f31b87a0001c73bc5,R_29nODzq0AsDmT5U,,,
5a8458e9f49c9a0001f37f03,R_27QEpJiQy3seZkZ,,,
5aabf4e3ef1cff000182aeb4,R_2tbCwTKK7MpYt3K,,,
5af15fc9e1b5b8000148a99d,R_33a5dSkDS7ZIjvI,,,
5b0f27321e55760001b9a8a5,R_2YMnZ4dAniK6TV2,,,
5b1d303d3522660001b43e37,R_3DbYSUtz1h9GEkh,,,
5b71b24ab3e51f0001915753,R_3si8pjAeXrhnXwK,,,
5bef322e52de3c0001c508e5,R_zUNRu5ZhA9DoCsh,,,
5bf7be3abd1fd30001aa5498,R_1jDnKOmXzFXfagW,,,
5c3476a2f5ebd50001841284,R_x4Jc6bMkobETD69,,,
5c37a0e7bef9a20001e3a497,R_1FPbIvUsrxVnijU,,,
5c4f7b99b33a5300013dbfdd,R_2YleRGxILoK4ppR,,,
5c72f9bf8711bf000139c5ee,R_3NJJSZO61KVCB51,,,
5ca3f484771e310017543f87,R_1HcwCez1BnXsssl,,,
5cb24ee57a55ff00168880b3,R_1CBCoXa8XktQftX,,,
5ccab088f2532b0001b88aca,R_29gJqnd6Rf9yQG9,,,
5cd8996bdf739100011b1f3e,R_1ouR6mF20JvxcPa,,,
5cec2831539ced0017fbc5f4,R_2pXG02oIqqDC22Y,,,
5d28e4a39c0abf0001914784,R_293NhHaJFp1gmvc,,,
5d2dbd506258f0000130b971,R_0HAIsyt7X9WNMPL,,,
5d34b50d1c65830019b18c1c,R_1F3ble5qoCowpSw,,,
5d51496d0d608800192c7a6c,R_3GB8rcxcfuivuz4,,,
5d53bf0c2ebe880001a473d2,R_2QRvaJ71bs8M4rU,,,
5d8b66f5d189bd001a378273,R_3MtmDpQM7L5yazP,,,
5ddbf2f87b6a66b43521de86,R_3hFMaQrFWXhnAk9,,,
5ddfa82bb28cf701132e7a78,R_1M5KB83bLTiUIwE,,,
5de803ec45971077fcc114bc,R_1q82rsu3OIbt8S6,,,
5e12603776c03b8d43b40747,R_2b0I8su7muJvCQN,,,
5e2325f1cf46ff5cba7b92f2,R_AchtaubZwgGLK8N,,,
5e2f2afece5e9a4ef7de8452,R_06xG1a9Z4n0GG6l,,,
5e36965ded5a2b62bf438768,R_XvpO6WdPDVdrqNz,,,
5e57e67bb836e0000d222062,R_Zb2EgKTHRUk9IS5,,,
5e71ab071b6e9c0d4c356574,R_2CV4wChJwPuxWIH,,,
5e89e52ff4f8e868671225cf,R_0PATkR4LZphpPUZ,,,
5e8f5d82af20fc0890922b5d,R_2mno2cploDrNlux,,,
5e93a8cc1872a71f0aee8656,R_1NZ1bnkI7JHRmcp,,,
5e946bbcc6ec097a16d2bc22,R_sRmMDhpRPoFjoNb,,,
5ea3f7021782d23892358af1,R_1K6VeW4j7dyZOCx,,,
5ec4f7c3fd704d416a5087d2,R_3oEGhTk7isYHP0V,,,
5ed9079cca520542a8bc133f,R_6KfDELNNQfIjiqB,,,
5edf8803c008532459792282,R_2QM1fUaGZM2WIlj,,,
5ee96e3da75e4919e8822d0c,R_XS7UDFWGWONGu09,,,
5efc4bfd3ba857044cac4787,R_3mfO9ERVXQfvszW,,,
5efcbd999aad650a6e316a7f,R_1dyQP8UXyPcI7Nk,,,
5f02ca7d869ce215033289be,R_1Fu2cLLJDf0yj0f,,,
5f05ef4bd552bc0009e5566c,R_1gAfI2Hyy7Szk5b,,,
5f31af089c42ef0ba3d6b150,R_2V4mUE9vYyAnjGV,,,
5f356b8d0535c7518ca3eee9,R_0cwyIMNmsCGDGOl,,,
5f39a493da1ce1553328ebd9,R_12R8zj1DB7MBKJ2,,,
5f4560c565e28d13e5dd5d56,R_117W69Ax3QzAmLg,,,
5f45f6591d2bed2170be6c38,R_3M4lrsLLcKuEU7k,,,
5f460f42238570236044cc5f,R_vibRrXipdwVwfJf,,,
5f494da56aa639495fbc58d2,R_3e2F4r1TK8PuqiH,,,
5f4cbdf9f599118d27c21442,R_1fl20Frksm3PUnD,,,
5f4fbebb8bb76c0c01881651,R_OuNBOX8cF5PmaSB,,,
5f5c983ce742b548181ef1e7,R_3KuNGVX9p0ttwXf,,,
5f61ba7cfdaccd165da6985b,R_2X1Dk01uAscRMbJ,,,
5f7f18137488a50407d729e6,R_2BgJB7ZcmQoYmqB,,,
5f7f239e9b204e05b6c36538,R_1OOYR5G8xij9VAT,,,
5f8038ceefbc9f02632dce3c,R_8eUEOREof1q9n8Z,,,
5f8c16ed7ed13e3473e7f164,R_1ikwp43HrUyGiXG,,,
5f9438d53cc3b123a695b636,R_22wZ4wY0eSnBGAX,,,
5f97f80e8279d602b5dfd6b1,R_238O4XheV3iFAIT,,,
5f98644189208011eeb027b9,R_2AHGk2cvt3C2nPb,,,
5fa48feaddfbd812de13f3bb,R_2Yy3tmJ2qH44ZJK,,,
5fa7f2d31418d35a96331337,R_2uEAtMeIjTZdLVj,,,
5fa9628fcfe3fe0d2fd65062,R_1QaUhCn2G8oSmfn,,,
5fad0a601ab00734f83bf339,R_3noySWhGDCw2VLP,,,
5fb6bb7c19e6d00f86af4633,R_2Rah6WVhEHDyogJ,,,
5fb951898639c17a684074e1,R_C2Z1O3MYUwLFChz,,,
5fbb9d170045d6d085a9bbbf,R_3LjzOiRB2V9iIAp,,,
5fcbb598516103930bd22135,R_spsg5bk5RV1F0Wd,,,
5fd25420fc18fb0008f9e30e,R_UQpK9RMaiOxTRkZ,,,
5fd3789cee06d705f5e783cc,R_1kXt36KRdyQ6BlL,,,
5fe09bdac64c969d92d21898,R_3k6A7POdqAJVEli,,,
5ff41506eed16daa2c6c6ebc,R_1pT0EKNdx8zWmSU,,,
5fff1e3163c21663a9a74f71,R_ANZWvIzQJqLE62Z,,,
6000105006ea511c281954a8,R_9odsUsbt7XlQ9fH,,,
60008d84492c15142cb897b3,R_2rT5kQD7PClS1tm,,,
6003f87a5cc6b04174b083d6,R_1jOetjl55kPlfiW,,,
6005661289252e3e1d6528b6,R_3R7Uggs0J7Djaun,,,
6005acd51e4c4b82bf23ba93,R_233QwiYcwbvvDAy,,,
600c076036051a2e189d19f2,R_2DNxKxWUpGlog2c,,,
601903a3842bcc20df15b296,R_3IbEcaFqDug14kt,,,
601fe031252f6055b5ee2571,R_1T6KDOgcoXLnk5z,,,
602d2adcef81ce6b843da09b,R_9XYMRb9TA47NZvz,,,
603229656ef6bd1d1b07f6c9,R_27D6gCtX9uH573Q,,,
603415af8ffaaa1ada99d014,R_24CMFjPCNd0kAUn,,,
60471ddd0b6ed718cb843760,R_pGG0PmSmY1kceiJ,,,
605264d8d281cded92f08d9a,R_OPawE31Z9Er9LDH,,,
6054ce9cd4e5c96ab84e9113,R_2w7eDFA610k0IRg,,,
6058f44ba5dd4d83cc64bb21,R_2Envfs5jsZyUqsX,,,
605986be77c362e33eac85c2,R_32KKhZEjZzrKR91,,,
6060b63e4ccfcf7b44479d8b,R_2CVCchgjpOGzRtj,,,
60650e72f3359295eb889c0f,R_1FhSoYo6OGJutm5,,,
60670ac0fc7e169231369ab1,R_2CdCc7u5b0cv8sm,,,
6069f79ec79ffbbeaf2ae8eb,R_2czuuzGtmNPV4BH,,,
606c46808be22792df92c0f9,R_7X2Wf9sNotWyR57,,,
6075e12159e69162ee283711,R_2pYVpi1BM5ShwHW,,,
6075ecc30e7921c183644eaa,R_3hiIcSPsAjWgZRp,,,
607db40f31882d35ea503aa6,R_3Pe3x2pG7AJTX3o,,,
607e6e60568d9d3b270c7ef8,R_4Z40pjtHfRWEepX,,,
6088e7b7d327c199db58cf61,R_1jfhewiajrT1Xev,,,
609343d3661501831e99ce8f,R_1f9DY6K5C5fLAah,,,
6095b18d2259069adefeb80a,R_29hJkSoqoGwT4ud,,,
6097ec1a8c0b4df21cbb9024,R_rpgDQhWRmVvX3Lr,,,
6097f813d541b6142fae8e7f,R_31vglkR3CnMY4C6,,,
6099e0b42fbccb6c8b4d370f,R_25tj7Ts22ptZKsR,,,
60aac2137954982efe1026c0,R_31F6nfJkNt87BnW,,,
60abafb26c818a0b6bb6b102,R_3G8JRcls10d7Nv9,,,
60b005fde343f75a2b76d406,R_1LjqVnLK5aPw37M,,,
60b880518b31da36270782eb,R_2VOrfbLebX1uxGV,,,
60b90060cd65332f5966520d,R_1MS6eOSGKnCt7v5,,,
60b9f1fe58782eeab6372f1c,R_1N4SL7Tst7jNOOO,,,
60ba46327fecef005d8eeb87,R_yQkckjjIgIKeUYF,,,
60bb3b463887c2f9d1385cce,R_3qUKbOUT2xMlnly,,,
60bbe5dac754ff6671006e16,R_2y3ALbIfyY3uYVB,,,
60bfb7216f6da5705b11ca15,R_1gSmtLqjQPCWwDh,,,
60cc30fe65c26745707fb08c,R_3fkmvgNsOYbGc2a,,,
60dca4d773b80ebb055e5de8,R_DOByPMsO3vczp6x,,,
60e197c98498a8f2baa8bc24,R_3PpBFisSNJRYG7n,,,
60e4949dd5c2941c69e48621,R_1dv41rygNV4wWH1,,,
60fd1fd2b71ce21f7ee6e870,R_1eEG0eL3bXCVkes,,,
610890b3f16ce2a44b73b74a,R_1FCAVjRDpLkFZuD,,,
610d1cf3c7b4411f1643e501,R_3qEzSZbkmEhK6lr,,,
610e47e32fee3f67f185cb37,R_1o6UF4p0xBZQrWg,,,
6112892b5e6ad30da6d84b9e,R_vk16DB4x6isgam5,,,
6125067aa09e6b144c8ec8b6,R_2OPgB4aPfGqFzF2,,,
6137e32367aae15b0156bd7e,R_XvSU4rugGkfMuvn,,,
614683508ca64b3cbdd73b9b,R_3HRDew8t9Mfc7wk,,,
614841ac474b90e021ccdefa,R_2f36XwbvuZhfThI,,,
61520fd805a718c7d27229c0,R_3PuFxWCdBqrZrO4,,,
6165ed9d217fc0d814b2b6ce,R_PHUTWLEd8jpZGkV,,,
616abe2a4179e0e3aa295f8e,R_3MLtG5GppPPugkR,,,
623478b74666adc4ae9be6ab,R_2ve91g70nwlWSYA,,,
629382914e43b1736f2b1233,R_veK9UI242J2Pf7H,,,
62a8375ef5d3cb6960e4ed2e,R_3EZ7MadjWQ6R6EL,,,
62b6ded74322ef992b784ce0,R_1Fll22EpyEITz4n,,,
62e96a0fedf3eba36804ff8f,R_1OGE05G6PJLgIdj,,,
6303b4c05665ebafc44b5f19,R_2ZChNdVDBCHqiQs,,,
631609c541905b75bd84f002,R_1Pc8QMHdCmTdLc9,,,
631610af8e747093cd90e00d,R_1mq7By6xOuFlJTX,,,
63469f35701f6b1eb1e76b1f,R_xE2Q2p7V88MTOc9,,,
636a740f2956031d8abf5bf1,R_22E2iIuMC1W0JHO,,,
638e2eed82fa613f2140ba13,R_1K7iEATFigHbkjL,,,
63c5843c840c0bc68ed46b81,R_1lftkoY0xGxcuGt,,,
63d7f17bc657e6dc9e481a9a,R_9XoHSZxrvNOXtjb,,,
63e58f7058926d99effc6644,R_3stPNcb7CotGUkw,,,
63fa26eac1c86fa597131481,R_3KPaJnrFr8k4lmv,,,
6413576801f8a1fbe97aa6d7,R_XnD8kVqVFtbBvKV,,,
64147bd031fe8ffa29c456ed,R_1mk1AghpCt8RsO8,,,
6437c46de0a8d34308fc860e,R_1CfLrRQjgqhPrPB,,,
644033622f87627e42b9f41e,R_3n6Jvk9C3dxlDka,,,
644e0227c62cb87bccd10084,R_2PB7bJ9DywJtTiw,,,
646cfc663c6a71e2ab992704,R_1gTMjclZFz3qc5X,,,
647e06e4564c6d08e99046a2,R_2UW8mhlfvJCGWrS,,,
6483247637d20bcecd41963b,R_xosMmvOAAGB9Wwh,,,
64834734de8b29afa2f68359,R_1f8xw6DvyaSDMmH,,,
64834a8161ac0edf4db754a6,R_wTYoHg5sSSOz9n3,,,
64964aa1f009a15f6e5514f9,R_22VMMZRgVRt6Jww,,,